Ticker,Description,Open,High,Low,Price,Volume,Sector,Industry,Market Capitalization,Shares Float
SLF,SUN LIFE FINANCIAL INC.,2300,2300,2300,2300,400,Finance,Multi-Line Insurance,1464732874023.4773,585657609.199
GLO,"GLOBE TELECOM, INC.",2280,2358,2272,2322,77630,Communications,Wireless Telecommunications,334508518982,38096787.389
TEL,PLDT INC.,1596,1640,1585,1634,108955,Communications,Specialty Telecommunications,353035154541,97358506.552
PRF3B,PETRON CORP PREF 3B,1003,1003,1003,1003,5000,Energy Minerals,Oil Refining/Marketing,23344007843,2516126838.4
GTPPB,"GT CAPITAL HOLDINGS, INC. NON-VOTING PERPETUAL PREFERRED SHARES SERIES B",998,998,998,998,50,Consumer Durables,Motor Vehicles,88869476815,93932290.06
PRF3A,PETRON CORP PREF 3A,995,995,995,995,250,Energy Minerals,Oil Refining/Marketing,23344007843,2516126838.4
GTPPA,"GT CAPITAL HOLDINGS, INC. NON-VOTING PERPETUAL PREFERRED SHARES SERIES A",975,975,970,970,100,Consumer Durables,Motor Vehicles,88869476815,93932290.06
JFCPA,JOLLIBEE FOODS CORP,925,925,925,925,110,Consumer Services,Restaurants,,
MFC,MANULIFE FINANCIAL CORPORATION,900,900,900,900,20,Finance,Multi-Line Insurance,1856188181171.9487,1905360710
JFCPB,JOLLIBEE FOODS CORP,899,899,898,898,360,Consumer Services,Restaurants,,
SM,SM INVESTMENTS CORPORATION,820,828,790,820,123360,Retail Trade,Department Stores,987757966309,574712913.139755
AC,AYALA CORPORATION,670,672,657,667,287840,Finance,Real Estate Development,412968425293,267606606.603
PNX4,"PHOENIX PETROLEUM PHILIPPINES, INC. NON-VOTING PERPETUAL PREFERRED SHARES SERIES 4",629,695,629,695,340,Distribution Services,Wholesale Distributors,12243181805,221256800.1
FEU,"FAR EASTERN UNIVERSITY, INC.",595.5,597,595.5,597,53540,Consumer Services,Other Consumer Services,14291354771,4015905.559545
HVN,"GOLDEN MV HOLDINGS, INC.",560,600,560,570,4670,Finance,Real Estate Development,367147040405,70145738.43600011
ACPB1,AYALA CORP CLASS B PREF,500,500,485,485,10030,Finance,Real Estate Development,412968425293,267606606.603
APB2R,AYALA CORPORATION CLASS B SERIES 2 PREFERRED SHARES,485,485,485,485,20220,Finance,Real Estate Development,412968425293,267606606.603
ALCPD,ARTHALAND CORPORATION,480,480,480,480,4000,Finance,Real Estate Development,,
GTCAP,"GT CAPITAL HOLDINGS, INC.",415,415.4,411,412.8,123710,Consumer Durables,Motor Vehicles,88869476815,93932290.06
MER,MANILA ELECTRIC COMPANY,300,301.8,297.4,301.4,76800,Utilities,Electric Utilities,339655607550,294481925.40000004
JFC,JOLLIBEE FOODS CORPORATION,232,232.4,230.6,232,355440,Consumer Services,Restaurants,258426561523,478819783.05
ICT,INT`L CONTAINER TERMINALS INC.,175.2,175.2,171,173,926620,Transportation,Other Transportation,351029100708,1265141632.16
PSE,THE PHILIPPINE STOCK EXCHANGE,165,165,160,165,170,Finance,Investment Banks/Brokers,13462735863,60430521.072
BDO,"BDO UNIBANK, INC.",126.4,127.6,125.4,127.3,3543170,Finance,Regional Banks,558423716024,1860575228.56
URC,UNIVERSAL ROBINA CORPORATION,122,122,119.1,122,696280,Consumer Non-Durables,Food: Specialty/Candy,265790730957,906789768.64
GSMI,"GINEBRA SAN MIGUEL, INC.",107,107.2,102.2,107.2,32020,Consumer Non-Durables,Beverages: Alcoholic,30694344683,69146494.032
ALCPC,ARTHALAND CORPORATION SERIES C PERPETUAL PREFERRED SHARES,104.7,104.7,104.7,104.7,10,Finance,Real Estate Development,2552685880,1680551508.6000001
TFHI,TOP FRONTIER INVESTMENT HLDGS.,104,104,104,104,300,Energy Minerals,Oil Refining/Marketing,18259918701,42263097.833736
EEIPB,EEI CORPORATION,102.8,102.8,102.5,102.5,7740,Industrial Services,Engineering & Construction,,
8990P,"8990 HOLDINGS, INC. SERIES A PERPETUAL PREFERRED SHARES",101.1,101.1,101.1,101.1,100,Consumer Durables,Homebuilding,51811341826,1668918652.8
EEIPA,EEI CORPORATION,100.9,100.9,100.8,100.8,500,Industrial Services,Engineering & Construction,,
BRNP,BROWN(A.) CO INC,100.3,102,100.3,102,700,Producer Manufacturing,Trucks/Construction/Farm Machinery,1779275940,2366291988.0600004
PTC,PHILIPPINE TRUST COMPANY,100,100,100,100,90,Finance,Regional Banks,100000000000,25503000
MWP2B,MWIDE PREFS. SERIES 2B,99.7,99.7,99.7,99.7,70,Industrial Services,Engineering & Construction,6946263872,619308808.72
CPGP,CENTURY PROPERTIES GROUP INC. PREFERRED A SHARES,99.7,99.7,99.7,99.7,80,Finance,Real Estate Development,4059860136,3379926246.8
8990B,"8990 HOLDINGS, INC. SERIES B PERPETUAL PREFERRED SHARES",98.4,98.4,98.4,98.4,200,Consumer Durables,Homebuilding,51811341826,1668918652.8
SMC,SAN MIGUEL CORPORATION,98,98,96.2,96.2,1152750,Energy Minerals,Oil Refining/Marketing,228814088347,456518398.49
MWP2A,MWIDE PREFS. SERIES 2A,97.8,97.9,97.1,97.1,2100,Industrial Services,Engineering & Construction,6946263872,619308808.72
FMETF,FIRST METRO PHIL. EQUITY ETF,95,95.3,94.5,94.7,11710,Miscellaneous,Investment Trusts/Mutual Funds,,
DDPR,DOUBLEDRAGON CORPORATION,94.75,94.75,94.75,94.75,200,Finance,Real Estate Development,13202511086,686181573.33
BPI,BANK OF THE PHILIPPINE ISLANDS,94.4,96.45,94.3,96,1588500,Finance,Regional Banks,433260328125,2208946965.37
MWP4,MEGAWIDE CONSTRUCTION CORPORATION,91,98.8,91,98,80,Industrial Services,Engineering & Construction,6946263872,619308808.72
SECB,SECURITY BANK CORPORATION,86.5,88,85,86.4,642700,Finance,Regional Banks,65105760329,649334352.307
PNX3B,"PHOENIX PETROLEUM PHILIPPINES, INC. NON-VOTING PERPETUAL- SERIES 3B PREF SHARES",85.9,89.5,85.9,89.4,200,Distribution Services,Wholesale Distributors,12243181805,221256800.1
UBP,UNION BANK OF THE PHILIPPINES,78,78,75,77,196830,Finance,Regional Banks,164942215088,994701631.16
SMC2F,SMC PREFS. SERIES 2F,74.5,74.7,74.5,74.5,20360,Energy Minerals,Oil Refining/Marketing,228814088347,456518398.49
SMC2I,SMC PREFS. SERIES 2I,74.45,74.45,74.45,74.45,570,Energy Minerals,Oil Refining/Marketing,228814088347,456518398.49
SMC2H,SMC PREFS. SERIES 2H,74.1,74.1,74.1,74.1,9040,Energy Minerals,Oil Refining/Marketing,228814088347,456518398.49
SMC2J,SAN MIGUEL CORPORATION SERIES 2 PREFERRED SHARES - SUBSERIES 2-J,72.5,72.5,72.5,72.5,50,Energy Minerals,Oil Refining/Marketing,228814088347,456518398.49
SMC2K,SAN MIGUEL CORPORATION SERIES 2 PREFERRED SHARES - SUBSERIES 2-K,72,72,72,72,180,Energy Minerals,Oil Refining/Marketing,228814088347,456518398.49
SEVN,PHILIPPINE SEVEN CORPORATION,66.1,66.1,66.1,66.1,50,Retail Trade,Food Retail,49999250787,202311558.28
FPH,FIRST PHILIPPINE HOLDINGS CORP,61,61.9,60.55,60.55,5890,Utilities,Alternative Power Generation,28859275666,183415383.294
AEV,"ABOITIZ EQUITY VENTURES, INC.",57.35,57.75,56.7,56.7,489730,Utilities,Electric Utilities,319233795018,1752836984.9799998
PSB,PHILIPPINE SAVINGS BANK,56.55,56.65,56.55,56.65,20,Finance,Regional Banks,24181587703,11246454.073
RRHI,"ROBINSONS RETAIL HOLDINGS, INC",54.25,54.55,53.1,53.65,714000,Retail Trade,Food Retail,79420352759,426025568.26
TCB2C,CIRTEK HDLGS PHILIPPINES CORP,53,53,53,53,10,Electronic Technology,Semiconductors,1631154186,378644472.424
TCB2D,CIRTEK HDLGS PHILIPPINES CORP,52.55,52.55,52.55,52.55,2060,Electronic Technology,Semiconductors,1631154186,378644472.424
BMM,BOGO MEDELLIN MILLING COMPANY,52.2,52.2,52.2,52.2,20,Process Industries,Agricultural Commodities/Milling,313200005,
MBT,METROPOLITAN BANK & TRUST COM.,51.95,51.95,51.15,51.7,785540,Finance,Regional Banks,232449287268,2183245852.48526
JGS,"JG SUMMIT HOLDINGS, INC.",45.9,46,43.15,43.15,1219500,Consumer Non-Durables,Food: Major Diversified,324530445119,4079454761.8
TFC,PTFC REDEVELOPMENT CORPORATION,43.45,43.45,43.45,43.45,200,Transportation,Other Transportation,1520750027,
AUB,ASIA UNITED BANK CORPORATION,41.45,41.45,41.45,41.45,800,Finance,Regional Banks,20116121273,74963078.304
SCC,SEMIRARA MINING AND POWER CORP,37.15,37.15,34.85,34.95,8714600,Energy Minerals,Coal,148556633590,899866938.3000001
CA,CONCRETE AGGREGATES CORP A,37.1,37.1,37.1,37.1,700,Industrial Services,Engineering & Construction,1040829424,5456704.8924
FB,"SAN MIGUEL FOOD AND BEVERAGE, INC.",37,37.45,36.5,36.5,46500,Consumer Non-Durables,Beverages: Alcoholic,215686537842,663906776.22
CEBCP,"CEBU AIR, INC. CONVERTIBLE PREFERRED SHARES",36.5,36.5,35.8,35.8,200,Transportation,Airlines,22308791791,207307848.41
CEB,"CEBU AIR, INC.",36,36.25,36,36.2,28000,Transportation,Airlines,22308791791,207307848.41
SMPH,"SM PRIME HOLDINGS, INC.",32.4,32.45,31.5,31.5,13844500,Finance,Real Estate Development,909695759766,9998556624
AP,ABOITIZ POWER CORPORATION,31.7,31.8,31.5,31.65,149300,Utilities,Alternative Power Generation,232899829371,800512659.6
AREIT,"AREIT, INC.",31,31,30.95,31,191300,Finance,Real Estate Investment Trusts,46776233765,694506005.6999999
PGOLD,"PUREGOLD PRICE CLUB, INC.",30.7,30.7,29.25,30,677100,Retail Trade,Food Retail,86404123535,1002501850.36
WLCON,"WILCON DEPOT, INC.",29,29.95,28.5,29.35,1463400,Retail Trade,Home Improvement Chains,120326904518,1392404302.48
ALI,"AYALA LAND, INC.",26.4,26.4,25.5,25.5,10104800,Finance,Real Estate Development,371135541504,7232395527.5
CHIB,CHINA BANKING CORPORATION,25.65,25.95,25.65,25.95,72600,Finance,Major Banks,69838934219,1327726391.18
CNPF,"CENTURY PACIFIC FOOD, INC.",24.55,24.55,23.55,23.8,707100,Consumer Non-Durables,Food: Meat/Fish/Dairy,84305756477,1105790846.46
RCB,RIZAL COMMERCIAL BANKING CORP,21.6,22.7,21.6,22.7,400,Finance,Regional Banks,46250772172,754472731.5600001
PHN,PHINMA CORPORATION,19.9,19.9,19.9,19.9,10900,Producer Manufacturing,Building Products,5683285758,66666311.744
EMI,EMPERADOR INC.,19.7,19.7,19.34,19.58,1392800,Consumer Non-Durables,Beverages: Alcoholic,308120095167,4977580842
EAGLE,EAGLE CEMENT CORPORATION,19.14,20.9,19.14,20.75,3692200,Non-Energy Minerals,Construction Materials,103750000000,574875000
PNB,PHILIPPINE NATIONAL BANK,19.12,19.46,19.12,19.18,24600,Finance,Regional Banks,29264171105,338099261.44
SHLPH,PILIPINAS SHELL PETROLEUM CORPORATION,17.2,17.26,17,17.24,384300,Distribution Services,Wholesale Distributors,27815777878,427847178.88
LBC,"LBC EXPRESS HOLDINGS, INC.",17,17,16.02,16.02,700,Transportation,Air Freight/Couriers,22842365619,40694329.7999999
MWC,"MANILA WATER COMPANY, INC.",16.36,16.42,16.22,16.34,671800,Utilities,Water Utilities,47085988306,1074252338.88
CIC,CONCEPCION INDUSTRIAL CORP,15.98,16,15.58,16,2400,Producer Manufacturing,Industrial Machinery,6390647949,116806413.288
PBC,PHILIPPINE BANK OF COMM.,15.7,15.7,15,15,600,Finance,Regional Banks,7209677124,55298687.895
FGEN,FIRST GEN CORPORATION,15.6,15.88,15.5,15.56,43300,Utilities,Electric Utilities,54279891425,414870246.9123239
RLC,ROBINSONS LAND CORPORATION,14.8,14.9,14.74,14.84,2680100,Finance,Real Estate Development,75314913743,1880127584.67
ATI,"ASIAN TERMINALS, INC.",13.88,13.88,13.88,13.88,700,Transportation,Other Transportation,27760000229,278000000
CNVRG,"CONVERGE INFORMATION AND COMMUNICATIONS TECHNOLOGY SOLUTIONS, INC",12.9,13,12.32,12.32,6929800,Communications,Major Telecommunications,89524180126,1986571239.45
VVT,VIVANT CORPORATION,12.82,12.82,12.82,12.82,300,Utilities,Alternative Power Generation,13120714133,187704610.92
ACEX,"ACE ENEXOR, INC.",12.8,13,12.62,12.62,43000,Industrial Services,Contract Drilling,3154999971,58276000
MREIT,"MREIT, INC.",12.7,12.7,12.56,12.56,130100,Finance,Real Estate Investment Trusts,31803448133,949836711.833815
MONDE,MONDE NISSIN CORPORATION,12.48,12.5,11.68,11.68,4212800,Retail Trade,Food Retail,209873385796,5384650362
DELM,DEL MONTE PACIFIC LIMITED,12.3,12.38,12.3,12.38,400,Consumer Non-Durables,Food: Major Diversified,22923983101.1902,404018370.63808
SGP,SYNERGY GRID & DEV`T PHILS.,11.86,12.08,11.8,11.98,549300,Industrial Services,Engineering & Construction,63085074797,1165131662.07
APVI,"ALTUS PROPERTY VENTURES, INC.",11.54,12.4,11.54,12.4,16700,Finance,Real Estate Development,1240000000,
GMA7,"GMA NETWORK, INC. (COMMON)",10.2,10.22,10.1,10.18,323400,Consumer Services,Broadcasting,34244929513.000004,550468413.7199999
GMAP,"GMA HOLDINGS, INC. (PDR)",10,10,10,10,20100,Finance,Investment Managers,33646920000,
DMC,"DMCI HOLDINGS, INC.",9.8,9.8,9.47,9.49,9833100,Energy Minerals,Coal,126003184666,3542025397.5
CAT,CENTRAL AZUCARERA DE TARLAC,9.6,9.6,9.6,9.6,2500,Process Industries,Agricultural Commodities/Milling,2289569622,34459716.039
HOUSE,"8990 HOLDINGS, INC.",9.4,9.9,9.4,9.61,12000,Consumer Durables,Homebuilding,51811341826,1668918652.8
SPC,SPC POWER CORPORATION,9.34,9.34,9.21,9.23,14000,Utilities,Electric Utilities,13813172040,158005749
AGI,"ALLIANCE GLOBAL GROUP, INC.",9,9.06,8.91,8.98,1058600,Finance,Real Estate Development,83307297902,4044123168.38
ANS,A. SORIANO CORPORATION,8.5,8.85,8.5,8.85,7200,Producer Manufacturing,Electrical Products,10863996654,31687506.6318919
PNX,PHOENIX PETROLEUM PHILIPPINES,8.49,8.49,8.49,8.49,5000,Distribution Services,Wholesale Distributors,12243181805,221256800.1
LTG,"LT GROUP, INC.",8.09,8.2,8.07,8.07,2759400,Finance,Investment Banks/Brokers,87289065010,2772658344
BNCOM,BANK OF COMMERCE,8,8,8,8,4200,Finance,Major Banks,11224100000,744252585.1006399
ABSP,ABS-CBN HOLDINGS CORP. - PDR,8,8.58,8,8.57,313600,Consumer Services,Broadcasting,7738230000,
BCOR,"BERJAYA PHILIPPINES, INC.",7.69,7.96,7.69,7.96,8000,Retail Trade,Specialty Stores,34556595029,509835581.9199999
ABS,ABS-CBN CORPORATION,7.6,7.9,7.6,7.75,83300,Consumer Services,Broadcasting,6780414642,109698377.931675
AB,"ATOK-BIG WEDGE COMPANY, INC.",7.51,7.98,7.51,7.98,29500,Non-Energy Minerals,Precious Metals,20309100049,119370680
PBB,PHILIPPINE BUSINESS BANK,7.5,8,7.5,7.99,16300,Finance,Savings Banks,5143562840,229487862.5
PIZZA,"SHAKEY`S PIZZA ASIA VENTURES, INC.",7.26,7.26,7.26,7.26,5000,Consumer Services,Restaurants,12224098943,332367488.96
DNL,"D&L INDUSTRIES, INC.",7.24,7.86,7.15,7.86,2025900,Consumer Non-Durables,Food: Specialty/Candy,56142864128,2099850839.94
2GO,2GO GROUP' INC.,6.99,6.99,6.99,6.99,100,Transportation,Marine Shipping,17210401656,23644026.4500002
ANI,"AGRINURTURE, INCORPORATED",6.94,6.94,6.56,6.86,1918300,Distribution Services,Food Distributors,7027705867,276774632.04999995
CEU,CENTRO ESCOLAR UNIVERSITY,6.88,6.88,6.8,6.8,13800,Consumer Services,Other Consumer Services,2532417979,59412695.076
IPO,"IPEOPLE, INC.",6.85,6.85,6.85,6.85,500,Consumer Services,Other Consumer Services,7153202708,158639802.16
BLOOM,BLOOMBERRY RESORTS CORPORATION,6.73,7,6.62,7,1934300,Consumer Services,Casinos/Gaming,75828470703,3692142547.6485
DMW,"D.M. WENCESLAO & ASSOCIATES, INCORPORATED",6.59,6.59,6.5,6.59,61300,Finance,Real Estate Development,22378744368,645536006.7
MVC,MABUHAY VINYL CORPORATION,6.44,6.44,6.44,6.44,3200,Process Industries,Chemicals: Specialty,4258832491,39777736.3499999
FDC,FILINVEST DEVELOPMENT CORP.,6.4,6.4,6.4,6.4,538000,Finance,Regional Banks,55350163325,928576501.739999
IPM,"IPM HOLDINGS, INC.",6.32,6.32,6.25,6.25,3000,Transportation,Trucking,4312500000,215664330
ACEN,ACEN CORPORATION,6.2,6.25,6.11,6.25,7577300,Energy Minerals,Oil & Gas Production,247983715820,24134373711
MBC,MANILA BROADCASTING COMPANY,6.09,6.09,6.09,6.09,1000,Consumer Services,Broadcasting,2452339430,5887225.45999997
PXP,PXP ENERGY CORPORATION,6.05,6.05,5.85,5.85,131600,Energy Minerals,Integrated Oil,11465999813,1142386000
EW,EAST WEST BANKING CORPORATION,5.92,5.92,5.86,5.87,14300,Finance,Regional Banks,13207354999,444938044.96
DD,DOUBLEDRAGON CORPORATION,5.8,5.89,5.6,5.63,150800,Finance,Real Estate Development,13202511086,686181573.33
FILRT,FILINVEST REIT CORP.,5.75,6,5.7,5.7,140100,Finance,Real Estate Investment Trusts,27888832709,1795723651.6999998
PAL,"PAL HOLDINGS, INC.",5.65,5.65,5.65,5.65,1100,Miscellaneous,Miscellaneous,65602024202.99999,1197001212
PMPC,PANASONIC MANUFACTURING PHILS.,5.45,5.45,5.45,5.45,7000,Consumer Durables,Electronics/Appliances,2303813100,84633847.3662
ALHI,"ANCHOR LAND HOLDINGS, INC.",5.25,5.25,5.25,5.25,800,Finance,Real Estate Development,5460005127,215085520
PPC,PRYCE CORPORATION,5.12,5.12,5.05,5.05,3000,Finance,Real Estate Development,9573235799,1499722064.18
RCR,"RL COMMERCIAL REIT, INC.",5.1,5.17,5.04,5.04,603500,Finance,Real Estate Investment Trusts,50142944855,3342395455.32374
IMI,INTEGRATED MICRO-ELECTRONICS,5,5,5,5,64100,Electronic Technology,Electronic Production Equipment,11086466064,425074448.61
NIKL,NICKEL ASIA CORPORATION,4.8,4.9,4.79,4.83,7410000,Non-Energy Minerals,Other Metals/Minerals,65837002573.00001,10196117663.5
MAC,MACROASIA CORPORATION,4.52,4.63,4.4,4.59,276000,Commercial Services,Miscellaneous Commercial Services,8679499225,482642957.52
PERC,PETROENERGY RESOURCES CORP.,4.45,4.47,4.45,4.47,5000,Energy Minerals,Integrated Oil,2542141864,562682515.3759999
MAXS,"MAX`S GROUP, INC.",4.34,4.46,4.3,4.35,63000,Consumer Services,Restaurants,3390451629,349596344.08832395
BC,BENGUET CORPORATION A,4.15,4.15,4.15,4.15,3000,Non-Energy Minerals,Precious Metals,2580169412,151677632.088
BCB,BENGUET CORPORATION B,4.13,4.13,4.13,4.13,2000,Non-Energy Minerals,Precious Metals,2580169412,144038807.85000002
ABG,ASIABEST GROUP INTERNATIONAL,4.05,4.05,4.05,4.05,1000,Finance,Financial Conglomerates,1215000057,299985300
COSCO,"COSCO CAPITAL, INC.",3.97,3.99,3.94,3.95,1402000,Retail Trade,Food Retail,28377893922,1524439557.48
HLCM,"HOLCIM PHILIPPINES, INC.",3.88,3.88,3.87,3.87,3900000,Non-Energy Minerals,Construction Materials,24969622860,325572966.00000095
RFM,RFM CORPORATION,3.8,3.8,3.8,3.8,11000,Consumer Non-Durables,Food: Major Diversified,12804287242,1632624474.6499999
MPI,METRO PACIFIC INVESTMENTS CORP,3.7,3.7,3.61,3.66,4037000,Utilities,Water Utilities,106345505775,10780277997.6
SBS,SBS PHILIPPINES CORPORATION,3.58,3.6,3.58,3.6,6000,Distribution Services,Wholesale Distributors,5579999852,415745650
LMG,LMG CORPORATION,3.53,3.53,3.53,3.53,2000,Process Industries,Chemicals: Major Diversified,683210929,
MWIDE,MEGAWIDE CONSTRUCTION CORP.,3.51,3.67,3.43,3.45,261000,Industrial Services,Engineering & Construction,6946263872,619308808.72
STR,"VISTAMALLS, INC.",3.38,3.38,3.38,3.38,2000,Retail Trade,Department Stores,28479818249,867901217.94
AT,ATLAS CONSOLIDATED MINING,3.3,3.3,3.26,3.26,62000,Non-Energy Minerals,Other Metals/Minerals,11597621880,808357183.65
HI,"HOUSE OF INVESTMENTS, INC.",3.28,3.28,3.28,3.28,4000,Industrial Services,Engineering & Construction,2546806067,213916107.5
ALLHC,AYALALAND LOGISTICS HOLDINGS CORP.,3.27,3.27,3.22,3.22,45000,Finance,Real Estate Development,20131916575,1597241935.58426
EEI,EEI CORPORATION,3.2,3.2,3.2,3.2,25000,Industrial Services,Engineering & Construction,3316100831,458056485.6
ECP,EASYCALL COMMUNICATIONS PHILS.,3.13,3.13,3.13,3.13,2000,Commercial Services,Miscellaneous Commercial Services,469500017,22786350
COL,"COL FINANCIAL GROUP, INC.",3.13,3.13,3.13,3.13,1000,Finance,Investment Banks/Brokers,14898800545,1353682120
DFNN,"DFNN, INC.",3.05,3.05,3.04,3.04,12000,Retail Trade,Electronics/Appliance Stores,957178797,285016957.179726
DIZ,"DIZON COPPER SILVER MINES, INC",3,3,3,3,35000,Non-Energy Minerals,Other Metals/Minerals,237262459,76642430.85
REG,REPUBLIC GLASS HOLDINGS CORP,3,3,3,3,50000,Finance,Investment Banks/Brokers,2046197021,
SLI,"STA. LUCIA LAND, INC.",2.95,2.96,2.95,2.96,4000,Finance,Real Estate Development,24261492891,1493557119
DITO,DITO CME HOLDINGS CORPORATION,2.95,3.06,2.91,2.95,2057000,Finance,Financial Conglomerates,41403250669,1344581070
LPZ,LOPEZ HOLDINGS CORPORATION,2.95,2.95,2.95,2.95,512000,Utilities,Alternative Power Generation,13399781760,1330094455.2
WEB,PHILWEB CORPORATION,2.84,2.84,2.74,2.82,4732000,Technology Services,Internet Software/Services,3376532015,265624481.497452
HOME,ALLHOME CORP.,2.8,2.94,2.73,2.75,251000,Retail Trade,Specialty Stores,10312500671,1209892500
LR,LEISURE & RESORTS WORLD CORP.,2.78,2.88,2.68,2.73,6752000,Consumer Services,Movies/Entertainment,6601725903,843873409.4735
AXLM,AXELUM RESOURCES CORP.,2.76,2.8,2.65,2.79,1016000,Consumer Non-Durables,Food: Major Diversified,10597551249,2834282380.16
CPM,CENTURY PEAK HLDGS CORP,2.69,2.69,2.69,2.69,25000,Non-Energy Minerals,Other Metals/Minerals,7586689385,587029126.86
CLI,"CEBU LANDMASTERS, INC.",2.64,2.7,2.62,2.66,574000,Finance,Real Estate Development,9217436064,942115110.8
VMC,"VICTORIAS MILLING COMPANY, INC",2.6,2.6,2.6,2.6,2000,Process Industries,Agricultural Commodities/Milling,7129331135,545015342.1
PCOR,PETRON CORPORATION,2.5,2.54,2.46,2.49,154000,Energy Minerals,Oil Refining/Marketing,23344007843,2516126838.4
SHNG,"SHANG PROPERTIES, INC.",2.5,2.54,2.5,2.54,17000,Consumer Durables,Homebuilding,12095271459,1132332682.34745
PRMX,PRIMEX CORPORATION,2.48,2.48,2.26,2.27,22000,Finance,Real Estate Development,3771983486,399392354.5200001
TECH,CIRTEK HOLDINGS PHILS. CORP.,2.45,2.45,2.41,2.44,242000,Electronic Technology,Semiconductors,1631154186,378644472.424
PX,PHILEX MINING CORPORATION,2.33,2.35,2.3,2.31,604000,Non-Energy Minerals,Precious Metals,13357341188,3256185088
ABA,"ABACORE CAPITAL HOLDINGS, INC.",2.25,2.39,2.23,2.36,17397000,Non-Energy Minerals,Precious Metals,9878804992,2083538285.64
FNI,GLOBAL FERRONICKEL HOLDINGS,2.2,2.24,2.16,2.24,801000,Non-Energy Minerals,Construction Materials,11628615518,2856353448.9
MEG,MEGAWORLD CORPORATION,2.12,2.12,2.06,2.08,15978000,Finance,Real Estate Development,65528805096,9650177518.8
CREIT,CITICORE ENERGY REIT CORP,1.99,2.03,1.98,1.99,19429000,Finance,Real Estate Investment Trusts,13025500000,2176906729.01233
PA,"PACIFICA HOLDINGS, INC.",1.82,1.82,1.82,1.82,20000,Non-Energy Minerals,Precious Metals,591499978,325000000
SPM,SEAFRONT RESOURCES CORPORATION,1.81,1.81,1.78,1.78,18000,Miscellaneous,Miscellaneous,290139995,
MFIN,MAKATI FINANCE CORPORATION,1.8,1.8,1.8,1.8,1000,Finance,Finance/Rental/Leasing,484710687,222094671.84
ASLAG,RASLAG CORP,1.76,1.76,1.71,1.73,370000,Utilities,Alternative Power Generation,,
VLL,"VISTA LAND & LIFESCAPES, INC.",1.73,1.74,1.67,1.73,129000,Finance,Real Estate Development,20666232201,2911655343.88411
ACE,ACESITE (PHILS.) HOTEL CORP.,1.65,1.65,1.65,1.65,5000,Consumer Services,Hotels/Resorts/Cruise lines,568833413,
KPPI,"KEPWEALTH PROPERTY PHILS., INC.",1.65,1.99,1.65,1.99,3000,Finance,Real Estate Development,400104630,200760032.044
PRIM,"PRIME MEDIA HOLDINGS, INC.",1.59,1.61,1.56,1.61,2983000,Finance,Financial Conglomerates,1127480828,
GREEN,GREENERGY HOLDINGS INC.,1.57,1.6,1.56,1.6,17174000,Electronic Technology,Computer Processing Hardware,4161245764.999999,479963545.88000005
CROWN,CROWN ASIA CHEMICALS CORP,1.53,1.56,1.52,1.56,34000,Process Industries,Chemicals: Specialty,952596769,490197784.9180001
VREIT,VISTAREIT INC,1.53,1.54,1.5,1.53,41000,Finance,Real Estate Investment Trusts,11475000000,2880825000
DWC,DISCOVERY WORLD CORPORATION,1.52,1.53,1.4,1.5,72000,Consumer Services,Hotels/Resorts/Cruise lines,1281000000,618588068
SSP,SFA SEMICON PHILIPPINES CORPORATION,1.49,1.51,1.4,1.45,2148000,Electronic Technology,Semiconductors,3102298466,304025792
APX,"APEX MINING COMPANY, INC.",1.43,1.45,1.42,1.43,538000,Non-Energy Minerals,Precious Metals,8112038465,1312488896.5335798
BKR,BRIGHT KINDLE RESOURCES,1.38,1.38,1.3,1.3,21000,Finance,Finance/Rental/Leasing,1987016126,1496654896.95
SSI,"SSI GROUP, INC.",1.36,1.37,1.36,1.37,587000,Retail Trade,Apparel/Footwear Retail,4518819588,953273474.1
MRSGI,"METRO RETAIL STORES GROUP, INC.",1.36,1.39,1.36,1.39,73000,Retail Trade,Food Retail,4568193212,460684218.72
LOTO,PACIFIC ONLINE SYSTEMS CORP.,1.34,1.45,1.34,1.45,24000,Consumer Durables,Recreational Products,1225052772,353815532.076544
IMP,"IMPERIAL RESOURCES, INC.",1.34,1.34,1.07,1.07,12000,Non-Energy Minerals,Other Metals/Minerals,698174969,330576727.5
MARC,MARCVENTURES,1.32,1.32,1.29,1.29,224000,Technology Services,Internet Software/Services,3889118088,839787155.46
ROCK,ROCKWELL LAND CORPORATION,1.31,1.31,1.31,1.31,186000,Consumer Durables,Homebuilding,8012958141,763738653.6
DDMPR,"DDMP REIT, INC.",1.2,1.21,1.19,1.2,774000,Finance,Real Estate Investment Trusts,21392961006,5936628810
SPNEC,SOLAR PHILIPPINES NUEVA ECIJA CORPO,1.19,1.21,1.16,1.19,20485000,Industrial Services,Engineering & Construction,11900000572,3644757128.1103506
TUGS,HARBOR STAR SHIPPING SERVICES,1.18,1.22,1.18,1.18,1028000,Transportation,Marine Shipping,1055612546.0000002,280930733.958
MJC,"MANILA JOCKEY CLUB, INC.",1.17,1.17,1.17,1.17,2000,Consumer Services,Casinos/Gaming,1748262581,462822909.12
BEL,BELLE CORPORATION,1.15,1.15,1.13,1.14,559000,Finance,Real Estate Development,9780686655,4227265383.35306
MM,MERRYMART CONSUMER CORP.,1.13,1.13,1.1,1.12,235000,Retail Trade,Food Retail,8506328942,1579360178.06
C,CHELSEA LOGISTICS AND INFRASTRUCTURE HOLDINGS CORP.,1.11,1.14,1.1,1.13,46000,Transportation,Marine Shipping,2058834748.0000005,544238179.8599999
KEEPR,THE KEEPERS HOLDINGS INC,1.11,1.11,1.08,1.08,576000,Distribution Services,Food Distributors,15669450623,3020471001.6
ARA,"ARANETA PROPERTIES, INC.",1.08,1.12,1.08,1.12,12000,Finance,Real Estate Development,2185553955,587834772.21
FRUIT,"FRUITAS HOLDINGS, INC.",1,1.03,1,1.02,917000,Retail Trade,Food Retail,2176353490,766885131.9200001
SUN,SUNTRUST RESORT HOLDINGS INC,0.97,0.97,0.97,0.97,9000,Finance,Real Estate Development,7032500207,1041542250
TCB2A,CIRTEK HOLDINGS PHILIPPINES CORPORATION PREFERRED B-2 SUBSERIES A SHARES,0.96,0.96,0.96,0.96,1100,Electronic Technology,Semiconductors,1631154186,378644472.424
INFRA,PHILIPPINE INFRADEV HOLDINGS INC.,0.91,0.96,0.91,0.93,307000,Finance,Real Estate Development,5637251352,1121097645.12
ROX,"ROXAS HOLDINGS, INC.",0.9,0.92,0.9,0.92,25000,Process Industries,Agricultural Commodities/Milling,1424100954,1546108786.98
NOW,NOW CORPORATION,0.9,0.91,0.9,0.9,290000,Communications,Major Telecommunications,1626053643,549571131.4
HTI,HAUS TALK INC,0.87,0.88,0.81,0.88,81000,Finance,Real Estate Development,2200000000,650000000
CTS,CTS GLOBAL EQUITY GROUP INC,0.84,0.85,0.83,0.84,746000,Finance,Investment Banks/Brokers,5775000000,1335001250
GERI,"GLOBAL-ESTATE RESORTS, INC.",0.83,0.83,0.83,0.83,1000,Finance,Real Estate Development,9118379817,1645538010
VUL,VULCAN INDUSTRIAL & MINING,0.83,0.83,0.81,0.81,901000,Non-Energy Minerals,Construction Materials,1174500003,574537850
ACR,ALSONS CONSOLIDATED RESOURCES,0.83,0.83,0.81,0.81,35000,Utilities,Electric Utilities,5096115015,1259854000.5
PHR,"PH RESORTS GROUP HOLDINGS, INC.",0.82,0.85,0.79,0.81,459000,Consumer Services,Hotels/Resorts/Cruise lines,5898433860,1632468679.56
EURO,"EURO-MED LABORATORIES PHILS.,",0.81,0.82,0.81,0.82,2000,Health Technology,Medical Specialties,3371955283,485438127
NI,NIHAO MINERAL RESOURCES INT`L,0.81,0.81,0.81,0.81,73000,Non-Energy Minerals,Other Metals/Minerals,818100002,1009996970
MAH,METRO ALLIANCE CORP. A,0.81,0.82,0.72,0.72,9000,Commercial Services,Miscellaneous Commercial Services,210612240,
SGI,"SOLID GROUP, INC.",0.79,0.79,0.79,0.79,70000,Distribution Services,Electronics Distributors,1439018213,372798197.94
FLI,"FILINVEST LAND, INC.",0.78,0.79,0.78,0.78,768000,Finance,Real Estate Development,18914811923,7981336674
IDC,ITALPINAS DEVELOPMENT CORPORATION,0.78,0.78,0.73,0.76,620000,Finance,Real Estate Development,478472272,
MEDIC,MEDILINES DISTRIBUTORS INCORPORATED,0.77,0.78,0.73,0.78,6034000,Distribution Services,Medical Distributors,2145000493,2421845954.5368
BRN,"A BROWN COMPANY, INC.",0.75,0.75,0.75,0.75,11000,Producer Manufacturing,Trucks/Construction/Farm Machinery,1779275940,2366291988.0600004
V,"VANTAGE EQUITIES, INC.",0.73,0.73,0.73,0.73,5000,Commercial Services,Miscellaneous Commercial Services,3065694963,1414351350.72
LAND,"CITY & LAND DEVELOPERS, INC.",0.71,0.75,0.71,0.74,143000,Finance,Real Estate Development,1112496972,151338244.42
I,"I-REMIT, INC.",0.71,0.71,0.71,0.71,17000,Finance,Regional Banks,434263747,610723988.056
CDC,CITYLAND DEVELOPMENT CORP.,0.69,0.69,0.69,0.69,1000,Finance,Real Estate Development,3350033880,1051361670.6400002
NRCP,NATIONAL REINSURANCE CORP.,0.68,0.69,0.68,0.69,2000,Finance,Property/Casualty Insurance,1465287937,1459352386.348
CHP,"CEMEX HOLDINGS PHILIPPINES, INC.",0.67,0.69,0.67,0.67,149000,Non-Energy Minerals,Construction Materials,9037782022,2958626703.6
BALAI,BALAI NI FRUITAS INC,0.66,0.68,0.64,0.66,2450000,Retail Trade,Food Retail,,
ORE,ORIENTAL PENINSULA RES GROUP,0.66,0.66,0.66,0.66,10000,Non-Energy Minerals,Other Metals/Minerals,1899810075,1199505492
MAHB,METRO ALLIANCE CORP. B,0.64,0.64,0.64,0.64,1000,Commercial Services,Miscellaneous Commercial Services,210612240,
APO,ANGLO PHILIPPINE HOLDINGS CORP,0.63,0.64,0.63,0.64,39000,Non-Energy Minerals,Construction Materials,1922113707,62120257.2000002
FCG,FIGARO COFFEE GROUP INC,0.62,0.62,0.59,0.6,3918000,Consumer Services,Restaurants,,
FAF,FIRST ABACUS FIN. HLDGS CORP.,0.62,0.62,0.62,0.62,3000,Finance,Investment Banks/Brokers,633507559,1021774138.5632
VITA,VITARICH CORPORATION,0.56,0.58,0.56,0.58,141000,Process Industries,Agricultural Commodities/Milling,1771513660,794186886.6
T,TKC METALS CORPORATION,0.55,0.55,0.55,0.55,3000,Non-Energy Minerals,Steel,517000011,
FOOD,ALLIANCE SELECT FOODS INC.,0.52,0.52,0.52,0.52,2000,Consumer Non-Durables,Food: Meat/Fish/Dairy,1299850402,2116956904.5100005
LODE,LODESTAR INVESTMENT HLDG CORP.,0.51,0.59,0.51,0.59,34000,Finance,Financial Conglomerates,1769999921,638283000
ION,"IONICS, INC.",0.495,0.51,0.495,0.5,229000,Electronic Technology,Electronic Production Equipment,411536011,
ALCO,ARTHALAND CORPORATION,0.48,0.48,0.48,0.48,21000,Finance,Real Estate Development,2552685880,1680551508.6000001
SOC,"SOCRESOURCES, INC.",0.47,0.47,0.47,0.47,20000,Finance,Real Estate Development,423902649,672676131.746
RCI,"ROXAS AND COMPANY, INC.",0.47,0.52,0.46,0.46,1900000,Consumer Services,Hotels/Resorts/Cruise lines,1029588730,941450747.04
WPI,"WATERFRONT PHILIPPINES, INC",0.46,0.49,0.46,0.46,1770000,Consumer Services,Hotels/Resorts/Cruise lines,1149536202,2458991166.06
PLC,PREMIUM LEISURE CORPORATION,0.44,0.44,0.435,0.44,610000,Consumer Services,Casinos/Gaming,13388939537,6191852211.675
PHES,PHILIPPINE ESTATES CORPORATION,0.39,0.39,0.39,0.39,190000,Finance,Real Estate Development,1127528902,
ATN,"ATN HOLDINGS, INC. A",0.375,0.375,0.365,0.365,210000,Finance,Real Estate Development,2491145293,1245836571.2
ATNB,"ATN HOLDINGS, INC. B",0.36,0.365,0.36,0.365,20000,Finance,Real Estate Development,2491145293,2799000400
CPG,CENTURY PROPERTIES GROUP INC.,0.35,0.35,0.35,0.35,200000,Finance,Real Estate Development,4059860136,3379926246.8
STI,STI EDUCATION SYSTEMS HOLDINGS,0.315,0.325,0.315,0.325,1070000,Commercial Services,Miscellaneous Commercial Services,3056421128,3630597012.8396697
MB,MLA. BULLETIN PUBLISHING CORP.,0.295,0.295,0.29,0.29,30000,Consumer Services,Publishing: Newspapers,1005180328,412269623.88
BSC,BASIC ENERGY CORPORATION,0.295,0.3,0.29,0.295,1060000,Utilities,Alternative Power Generation,4321939368,3645161768.6
PHA,PREMIERE HORIZON ALLIANCE CORP,0.28,0.28,0.27,0.27,1670000,Non-Energy Minerals,Other Metals/Minerals,1541257092,2628248819.56
MHC,MABUHAY HOLDINGS CORPORATION,0.27,0.27,0.27,0.27,40000,Finance,Financial Conglomerates,308170471,
ALLDY,"ALLDAY MARTS, INC.",0.255,0.255,0.249,0.25,3100000,Retail Trade,Food Retail,5714286133,7542857850
X,XURPAS INC.,0.25,0.27,0.25,0.27,1300000,Technology Services,Packaged Software,554746069,931893020.82
EVER,"EVER-GOTESCO RES. & HLDGS, INC",0.25,0.255,0.25,0.255,1910000,Process Industries,Agricultural Commodities/Milling,1274999976,1862560000
WIN,"WELLEX INDUSTRIES, INC",0.235,0.235,0.235,0.235,60000,Finance,Real Estate Development,768903130,
FPI,"FORUM PACIFIC, INC.",0.23,0.23,0.23,0.23,100000,Finance,Financial Conglomerates,422956952,
TBGI,TRANSPACIFIC BROADBAND GROUP,0.215,0.22,0.215,0.22,300000,Consumer Services,Broadcasting,835036851,
COAL,COAL ASIA HOLDINGS INC.,0.208,0.21,0.208,0.21,300000,Energy Minerals,Coal,839999974,799800000.7998
MED,"MEDCO HOLDINGS, INC.",0.19,0.218,0.19,0.218,50000,Finance,Investment Banks/Brokers,688725744,
RLT,PHILIPPINE REALTY & HLDGS CORP,0.19,0.19,0.19,0.19,170000,Finance,Real Estate Development,1713580848,8773679413
ELI,"EMPIRE EAST LAND HOLDINGS, INC",0.185,0.185,0.185,0.185,10000,Finance,Real Estate Development,2715096890,2481099667.2000003
GEO,"GEOGRACE REOURCES PHILS., INC.",0.183,0.185,0.179,0.179,410000,Non-Energy Minerals,Precious Metals,626500018,3477999000
MRC,MRC ALLIED INCORPORATED,0.177,0.177,0.173,0.176,920000,Finance,Real Estate Development,1498228008,4083846483.08
APC,"APC GROUP, INC.",0.175,0.199,0.175,0.199,20000,Energy Minerals,Integrated Oil,1493336623,7503637185
ZHI,"ZEUS HOLDINGS, INC.",0.152,0.152,0.152,0.152,190000,Non-Energy Minerals,Construction Materials,416030778,513742407.99999994
LCB,LEPANTO CONSOLIDATED MINING B,0.106,0.106,0.106,0.106,200000,Non-Energy Minerals,Precious Metals,6996007297,14201048530.9
LC,LEPANTO CONSOLIDATED MINING A,0.105,0.105,0.105,0.105,120000,Non-Energy Minerals,Precious Metals,6996007297,24912131021.7
MG,MILLENNIUM GLOBAL HOLDINGS INC,0.104,0.104,0.104,0.104,100000,Consumer Non-Durables,Food: Meat/Fish/Dairy,260000005,1331332500
SFI,"SWIFT FOODS, INC",0.082,0.082,0.082,0.082,990000,Distribution Services,Food Distributors,148782718,
CEI,"CROWN EQUITIES, INC.",0.079,0.079,0.079,0.079,10000,Miscellaneous,Miscellaneous,1181840054,14177980960
APL,"APOLLO GLOBAL CAPITAL, INC.",0.028,0.029,0.028,0.028,116900000,Finance,Financial Conglomerates,8195217877.999999,113257189188
OPMB,ORIENTAL PETROLEUM & MINERAL B,0.011,0.011,0.01,0.011,8500000,Energy Minerals,Integrated Oil,2199999988,42690160000
OPM,ORIENTAL PETROLEUM & MINERAL A,0.01,0.011,0.01,0.011,200000,Energy Minerals,Integrated Oil,2199999988,101939160000
OV,THE PHILODRIL CORPORATION,0.0094,0.0094,0.0092,0.0092,6000000,Energy Minerals,Integrated Oil,1765192970,191080034672
MA,MANILA MINING CORPORATION A,0.0094,0.0094,0.0091,0.0094,15000000,Non-Energy Minerals,Precious Metals,2853409584,113030562585
MAB,MANILA MINING CORPORATION B,0.0088,0.0088,0.0088,0.0088,1000000,Non-Energy Minerals,Precious Metals,2853409584,52173949747
UPM,UNITED PARAGON MINING CORP,0.0056,0.0056,0.0056,0.0056,2000000,Non-Energy Minerals,Precious Metals,1463362810,55562363190